<?xml version="1.0" encoding="UTF-8"?>
<persons><person identification="1"><name>1</name><lastName>1</lastName><country>1</country><yearOfBirth>1</yearOfBirth></person><person identification="2"><name>2</name><lastName>2</lastName><country>2</country><yearOfBirth>2</yearOfBirth><person identification="6"><name>6</name><lastName>6</lastName><country>6</country><yearOfBirth>6</yearOfBirth><person identification="9"><name>9</name><lastName>9</lastName><country>9</country><yearOfBirth>9</yearOfBirth><person identification="0"><name>0</name><lastName>0</lastName><country>0</country><yearOfBirth>0</yearOfBirth><person identification="a"><name>a</name><lastName>a</lastName><country>a</country><yearOfBirth>a</yearOfBirth><person identification="8"><name>8</name><lastName>8</lastName><country>8</country><yearOfBirth>8</yearOfBirth><person identification="12"><name>12</name><lastName>1</lastName><country>12</country><yearOfBirth>12</yearOfBirth></person></person></person></person></person></person></person><person identification="3"><name>3</name><lastName>3</lastName><country>3</country><yearOfBirth>3</yearOfBirth></person></persons>
